true_class,predicted_class,count,true_class_support,error_percentage_within_true_class
Potato___Late_blight,Tomato___Late_blight,14,16,87.5
Strawberry___healthy,Strawberry___Leaf_scorch,14,16,87.5
Tomato___Early_blight,Tomato___Late_blight,12,18,66.66666666666666
Corn_(maize)___Common_rust_,Corn_(maize)___Northern_Leaf_Blight,12,20,60.0
Corn_(maize)___Northern_Leaf_Blight,Corn_(maize)___Cercospora_leaf_spot Gray_leaf_spot,12,24,50.0
"Pepper,_bell___healthy",Tomato___Late_blight,10,16,62.5
Tomato___Tomato_mosaic_virus,Tomato___Late_blight,10,20,50.0
Raspberry___healthy,Strawberry___Leaf_scorch,8,14,57.14285714285714
Potato___Early_blight,Tomato___Late_blight,8,16,50.0
Tomato___healthy,Tomato___Late_blight,8,16,50.0
"Pepper,_bell___Bacterial_spot",Tomato___Late_blight,8,18,44.44444444444444
Tomato___Bacterial_spot,Tomato___Late_blight,8,18,44.44444444444444
Squash___Powdery_mildew,Tomato___Late_blight,6,12,50.0
Soybean___healthy,Blueberry___healthy,6,16,37.5
Apple___Apple_scab,Strawberry___Leaf_scorch,6,20,30.0
Apple___Apple_scab,Tomato___Late_blight,6,20,30.0
Blueberry___healthy,Tomato___Late_blight,6,22,27.27272727272727
Tomato___Septoria_leaf_spot,Tomato___Late_blight,6,22,27.27272727272727
Grape___healthy,Grape___Esca_(Black_Measles),6,24,25.0
Tomato___Leaf_Mold,Tomato___Late_blight,4,12,33.33333333333333
Tomato___Tomato_Yellow_Leaf_Curl_Virus,Strawberry___Leaf_scorch,4,12,33.33333333333333
Tomato___Tomato_Yellow_Leaf_Curl_Virus,Tomato___Late_blight,4,12,33.33333333333333
Grape___Black_rot,Grape___Esca_(Black_Measles),4,16,25.0
Soybean___healthy,Tomato___Tomato_Yellow_Leaf_Curl_Virus,4,16,25.0
Tomato___healthy,Strawberry___Leaf_scorch,4,16,25.0
Apple___healthy,Tomato___Late_blight,4,18,22.22222222222222
Peach___healthy,Corn_(maize)___Northern_Leaf_Blight,4,18,22.22222222222222
Peach___healthy,Tomato___Septoria_leaf_spot,4,18,22.22222222222222
Tomato___Early_blight,Strawberry___Leaf_scorch,4,18,22.22222222222222
Apple___Cedar_apple_rust,Grape___Esca_(Black_Measles),4,20,20.0
Apple___Cedar_apple_rust,Strawberry___Leaf_scorch,4,20,20.0
Cherry_(including_sour)___healthy,"Pepper,_bell___Bacterial_spot",4,20,20.0
Cherry_(including_sour)___healthy,Strawberry___Leaf_scorch,4,20,20.0
Corn_(maize)___Common_rust_,Corn_(maize)___Cercospora_leaf_spot Gray_leaf_spot,4,20,20.0
Tomato___Tomato_mosaic_virus,Tomato___Tomato_Yellow_Leaf_Curl_Virus,4,20,20.0
Blueberry___healthy,Strawberry___Leaf_scorch,4,22,18.181818181818183
Tomato___Septoria_leaf_spot,Tomato___Early_blight,4,22,18.181818181818183
Grape___healthy,Strawberry___Leaf_scorch,4,24,16.666666666666664
Grape___healthy,Tomato___Late_blight,4,24,16.666666666666664
Grape___healthy,Tomato___Septoria_leaf_spot,4,24,16.666666666666664
Corn_(maize)___Cercospora_leaf_spot Gray_leaf_spot,Corn_(maize)___Northern_Leaf_Blight,2,8,25.0
Corn_(maize)___Cercospora_leaf_spot Gray_leaf_spot,Corn_(maize)___healthy,2,8,25.0
Squash___Powdery_mildew,Corn_(maize)___Common_rust_,2,12,16.666666666666664
Tomato___Leaf_Mold,Corn_(maize)___Northern_Leaf_Blight,2,12,16.666666666666664
Tomato___Leaf_Mold,Grape___Esca_(Black_Measles),2,12,16.666666666666664
Tomato___Leaf_Mold,Strawberry___Leaf_scorch,2,12,16.666666666666664
Tomato___Leaf_Mold,Tomato___Early_blight,2,12,16.666666666666664
Tomato___Tomato_Yellow_Leaf_Curl_Virus,Corn_(maize)___healthy,2,12,16.666666666666664
Tomato___Tomato_Yellow_Leaf_Curl_Virus,Grape___Esca_(Black_Measles),2,12,16.666666666666664
Raspberry___healthy,Tomato___Tomato_Yellow_Leaf_Curl_Virus,2,14,14.285714285714285
Grape___Black_rot,Apple___Cedar_apple_rust,2,16,12.5
Grape___Black_rot,Grape___Leaf_blight_(Isariopsis_Leaf_Spot),2,16,12.5
Grape___Black_rot,Grape___healthy,2,16,12.5
Grape___Black_rot,Strawberry___Leaf_scorch,2,16,12.5
Grape___Black_rot,Tomato___Septoria_leaf_spot,2,16,12.5
"Pepper,_bell___healthy",Cherry_(including_sour)___Powdery_mildew,2,16,12.5
"Pepper,_bell___healthy",Orange___Haunglongbing_(Citrus_greening),2,16,12.5
Potato___Early_blight,Corn_(maize)___Common_rust_,2,16,12.5
Potato___Early_blight,Grape___Leaf_blight_(Isariopsis_Leaf_Spot),2,16,12.5
Potato___Early_blight,Strawberry___Leaf_scorch,2,16,12.5
Potato___Early_blight,Tomato___Early_blight,2,16,12.5
Potato___Late_blight,Potato___Early_blight,2,16,12.5
Soybean___healthy,Grape___Leaf_blight_(Isariopsis_Leaf_Spot),2,16,12.5
Soybean___healthy,Orange___Haunglongbing_(Citrus_greening),2,16,12.5
Soybean___healthy,Tomato___Septoria_leaf_spot,2,16,12.5
Strawberry___healthy,Tomato___Late_blight,2,16,12.5
Tomato___healthy,Grape___Esca_(Black_Measles),2,16,12.5
Tomato___healthy,Tomato___Septoria_leaf_spot,2,16,12.5
Apple___healthy,Cherry_(including_sour)___Powdery_mildew,2,18,11.11111111111111
Apple___healthy,Corn_(maize)___healthy,2,18,11.11111111111111
Apple___healthy,Peach___Bacterial_spot,2,18,11.11111111111111
Peach___healthy,Blueberry___healthy,2,18,11.11111111111111
Peach___healthy,Cherry_(including_sour)___Powdery_mildew,2,18,11.11111111111111
Peach___healthy,Soybean___healthy,2,18,11.11111111111111
Peach___healthy,Tomato___Late_blight,2,18,11.11111111111111
Tomato___Bacterial_spot,Apple___Apple_scab,2,18,11.11111111111111
Tomato___Bacterial_spot,Grape___Black_rot,2,18,11.11111111111111
Tomato___Bacterial_spot,"Pepper,_bell___Bacterial_spot",2,18,11.11111111111111
Tomato___Bacterial_spot,Tomato___Early_blight,2,18,11.11111111111111
Tomato___Bacterial_spot,Tomato___Leaf_Mold,2,18,11.11111111111111
Apple___Apple_scab,Apple___healthy,2,20,10.0
Apple___Apple_scab,"Pepper,_bell___Bacterial_spot",2,20,10.0
Apple___Apple_scab,Potato___Early_blight,2,20,10.0
Apple___Cedar_apple_rust,Grape___Leaf_blight_(Isariopsis_Leaf_Spot),2,20,10.0
Apple___Cedar_apple_rust,Peach___Bacterial_spot,2,20,10.0
Apple___Cedar_apple_rust,"Pepper,_bell___Bacterial_spot",2,20,10.0
Apple___Cedar_apple_rust,Tomato___Early_blight,2,20,10.0
Apple___Cedar_apple_rust,Tomato___Late_blight,2,20,10.0
Cherry_(including_sour)___healthy,Apple___healthy,2,20,10.0
Cherry_(including_sour)___healthy,Blueberry___healthy,2,20,10.0
Cherry_(including_sour)___healthy,Cherry_(including_sour)___Powdery_mildew,2,20,10.0
Cherry_(including_sour)___healthy,Raspberry___healthy,2,20,10.0
Cherry_(including_sour)___healthy,Tomato___Late_blight,2,20,10.0
Cherry_(including_sour)___healthy,Tomato___Septoria_leaf_spot,2,20,10.0
Tomato___Late_blight,"Pepper,_bell___Bacterial_spot",2,20,10.0
Tomato___Late_blight,Tomato___Leaf_Mold,2,20,10.0
Tomato___Tomato_mosaic_virus,Corn_(maize)___Common_rust_,2,20,10.0
Tomato___Tomato_mosaic_virus,Grape___Esca_(Black_Measles),2,20,10.0
Tomato___Tomato_mosaic_virus,Squash___Powdery_mildew,2,20,10.0
Blueberry___healthy,Cherry_(including_sour)___Powdery_mildew,2,22,9.090909090909092
Blueberry___healthy,Corn_(maize)___Northern_Leaf_Blight,2,22,9.090909090909092
Blueberry___healthy,"Pepper,_bell___Bacterial_spot",2,22,9.090909090909092
Tomato___Septoria_leaf_spot,Grape___Leaf_blight_(Isariopsis_Leaf_Spot),2,22,9.090909090909092
Tomato___Septoria_leaf_spot,Peach___Bacterial_spot,2,22,9.090909090909092
Tomato___Septoria_leaf_spot,"Pepper,_bell___Bacterial_spot",2,22,9.090909090909092
Tomato___Septoria_leaf_spot,Squash___Powdery_mildew,2,22,9.090909090909092
Tomato___Septoria_leaf_spot,Strawberry___Leaf_scorch,2,22,9.090909090909092
Corn_(maize)___Northern_Leaf_Blight,Corn_(maize)___Common_rust_,2,24,8.333333333333332
Grape___healthy,Apple___Apple_scab,2,24,8.333333333333332
